"","V1"
"1",429.1050109863
"2",458.0480041504
"3",453.2300109863
"4",447.6109924316
"5",447.9909973145
"6",448.4280090332
"7",435.6900024414
"8",432.3710021973
"9",430.3059997559
"10",364.3309936523
"11",387.5360107422
"12",382.2990112305
"13",387.1679992676
"14",380.1489868164
"15",420.2300109863
"16",410.2619934082
"17",382.4920043945
"18",387.4909973145
"19",402.9710083008
"20",391.7260131836
"21",392.1530151367
"22",394.9719848633
"23",380.2890014648
"24",379.4739990234
"25",378.2550048828
"26",368.766998291
"27",373.0559997559
"28",374.4479980469
"29",369.949005127
"30",389.5939941406
"31",386.5490112305
"32",376.5220031738
"33",376.6199951172
"34",373.4469909668
"35",376.0289916992
"36",381.6489868164
"37",379.6539916992
"38",384.2630004883
"39",391.8599853516
"40",407.2300109863
"41",400.1849975586
"42",407.4880065918
"43",416.3219909668
"44",422.3729858398
"45",420.7850036621
"46",437.1640014648
"47",438.7980041504
"48",437.7479858398
"49",420.7359924316
"50",424.9549865723
"51",424.5440063477
"52",432.1520080566
"53",432.5190124512
"54",433.5039978027
"55",437.6969909668
"56",435.1229858398
"57",423.9890136719
"58",421.6510009766
"59",410.9389953613
"60",400.5700073242
"61",407.7070007324
"62",414.3210144043
"63",413.9719848633
"64",414.8599853516
"65",417.1310119629
"66",421.6900024414
"67",411.6239929199
"68",414.0650024414
"69",416.4379882813
"70",416.8299865723
"71",417.0109863281
"72",420.6210021973
"73",409.5480041504
"74",410.4440002441
"75",413.7550048828
"76",413.3070068359
"77",418.0889892578
"78",418.0409851074
"79",416.3940124512
"80",417.1770019531
"81",417.9450073242
"82",426.7650146484
"83",424.2309875488
"84",416.5159912109
"85",414.8160095215
"86",416.7290039063
"87",417.9599914551
"88",420.8729858398
"89",420.9039916992
"90",421.4440002441
"91",424.0299987793
"92",423.4129943848
"93",422.7449951172
"94",420.3489990234
"95",419.4110107422
"96",421.5639953613
"97",422.483001709
"98",425.1900024414
"99",423.7340087891
"100",424.2820129395
"101",429.7130126953
"102",430.5719909668
"103",427.3989868164
"104",428.591003418
"105",435.5090026855
"106",441.3890075684
"107",449.424987793
"108",445.7369995117
"109",450.2820129395
"110",458.5549926758
"111",461.425994873
"112",466.0889892578
"113",444.6870117188
"114",449.0109863281
"115",455.0969848633
"116",448.3179931641
"117",451.875
"118",444.6690063477
"119",450.3039855957
"120",446.7219848633
"121",447.9760131836
"122",459.6029968262
"123",458.5360107422
"124",458.5480041504
"125",460.483001709
"126",450.8949890137
"127",452.7279968262
"128",454.7659912109
"129",455.6700134277
"130",455.6709899902
"131",457.5679931641
"132",454.1629943848
"133",453.782989502
"134",454.6189880371
"135",438.7149963379
"136",442.675994873
"137",443.1879882813
"138",439.3229980469
"139",444.1549987793
"140",445.9809875488
"141",449.5989990234
"142",453.3840026855
"143",473.4639892578
"144",530.0399780273
"145",526.2329711914
"146",533.8640136719
"147",531.3859863281
"148",536.9199829102
"149",537.9719848633
"150",569.1939697266
"151",572.7269897461
"152",574.9769897461
"153",585.5369873047
"154",576.5969848633
"155",581.6450195313
"156",574.6300048828
"157",577.4699707031
"158",606.7269897461
"159",672.783996582
"160",704.3759765625
"161",685.5590209961
"162",694.4689941406
"163",766.3079833984
"164",748.908996582
"165",756.2269897461
"166",763.7810058594
"167",737.2260131836
"168",666.6519775391
"169",596.116027832
"170",623.9769897461
"171",665.2990112305
"172",665.1229858398
"173",629.3670043945
"174",655.2750244141
"175",647.0009765625
"176",639.8900146484
"177",673.3369750977
"178",676.2960205078
"179",703.7020263672
"180",658.6640014648
"181",683.6619873047
"182",670.6270141602
"183",677.3309936523
"184",640.5620117188
"185",666.5230102539
"186",650.9600219727
"187",649.3599853516
"188",647.658996582
"189",664.5510253906
"190",654.4680175781
"191",658.0780029297
"192",663.2550048828
"193",660.7670288086
"194",679.458984375
"195",673.1060180664
"196",672.8640136719
"197",665.6849975586
"198",665.0120239258
"199",650.6190185547
"200",655.5560302734
"201",661.2849731445
"202",654.0969848633
"203",651.783996582
"204",654.3519897461
"205",655.0349731445
"206",656.9920043945
"207",655.0469970703
"208",624.6810302734
"209",606.2719726563
"210",547.4650268555
"211",566.3549804688
"212",578.2890014648
"213",575.0430297852
"214",587.7780151367
"215",592.6900024414
"216",591.0540161133
"217",587.8010253906
"218",592.1030273438
"219",589.1199951172
"220",587.5590209961
"221",585.5880126953
"222",570.4730224609
"223",567.2399902344
"224",577.4390258789
"225",573.216003418
"226",574.3179931641
"227",575.6300048828
"228",581.6970214844
"229",581.3079833984
"230",586.7529907227
"231",583.4149780273
"232",580.1820068359
"233",577.7609863281
"234",579.6510009766
"235",569.9470214844
"236",573.9119873047
"237",574.1069946289
"238",577.5029907227
"239",575.4719848633
"240",572.3029785156
"241",575.5369873047
"242",598.2119750977
"243",608.633972168
"244",606.5900268555
"245",610.4359741211
"246",614.5440063477
"247",626.3159790039
"248",622.8610229492
"249",623.508972168
"250",606.7189941406
"251",608.242980957
"252",609.241027832
"253",610.6840209961
"254",607.1550292969
"255",606.9730224609
"256",605.9840087891
"257",609.8740234375
"258",609.2269897461
"259",608.3120117188
"260",597.1489868164
"261",596.2979736328
"262",602.8419799805
"263",602.625
"264",600.8259887695
"265",608.0430297852
"266",606.166015625
"267",604.7280273438
"268",605.6929931641
"269",609.7349853516
"270",613.9829711914
"271",610.8920288086
"272",612.1329956055
"273",610.2039794922
"274",612.5109863281
"275",613.0209960938
"276",617.1209716797
"277",619.1079711914
"278",616.7520141602
"279",618.9940185547
"280",641.0720214844
"281",636.1920166016
"282",636.7860107422
"283",640.3779907227
"284",638.6459960938
"285",641.6309814453
"286",639.1929931641
"287",637.9600219727
"288",630.5200195313
"289",630.8569946289
"290",632.8280029297
"291",657.2940063477
"292",657.0709838867
"293",653.7609863281
"294",657.5880126953
"295",678.3040161133
"296",688.3129882813
"297",689.6510009766
"298",714.4790039063
"299",701.8640136719
"300",700.9719848633
"301",729.7930297852
"302",740.8289794922
"303",688.700012207
"304",703.2349853516
"305",703.4180297852
"306",711.5219726563
"307",703.1309814453
"308",709.8480224609
"309",723.2730102539
"310",715.533996582
"311",716.4110107422
"312",705.0540161133
"313",702.0310058594
"314",705.0209960938
"315",711.6190185547
"316",744.1979980469
"317",740.9769897461
"318",751.5850219727
"319",751.616027832
"320",731.0260009766
"321",739.2479858398
"322",751.3469848633
"323",744.5939941406
"324",740.2890014648
"325",741.6489868164
"326",735.382019043
"327",732.0349731445
"328",735.8129882813
"329",735.6040039063
"330",745.6909790039
"331",756.7739868164
"332",777.9439697266
"333",771.1550292969
"334",773.8720092773
"335",758.700012207
"336",764.2239990234
"337",768.132019043
"338",770.8099975586
"339",772.7940063477
"340",774.6500244141
"341",769.7310180664
"342",780.0869750977
"343",780.5560302734
"344",781.4810180664
"345",778.0880126953
"346",784.9069824219
"347",790.8289794922
"348",790.5300292969
"349",792.7139892578
"350",800.8759765625
"351",834.2810058594
"352",864.5399780273
"353",921.9840087891
"354",898.8220214844
"355",896.1829833984
"356",907.6099853516
"357",933.1979980469
"358",975.9210205078
"359",973.4970092773
"360",961.2379760742
"361",963.742980957
"362",998.325012207
"363",1021.75
"364",1043.8399658203
"365",1154.7299804688
"366",1013.3800048828
"367",902.2009887695
"368",908.5850219727
"369",911.1989746094
"370",902.8280029297
"371",907.6790161133
"372",777.757019043
"373",804.833984375
"374",823.9840087891
"375",818.4119873047
"376",821.7979736328
"377",831.533996582
"378",907.9379882813
"379",886.617980957
"380",899.0729980469
"381",895.0260009766
"382",921.7890014648
"383",924.6729736328
"384",921.0120239258
"385",892.6870117188
"386",901.5419921875
"387",917.5859985352
"388",919.75
"389",921.5900268555
"390",919.4959716797
"391",920.382019043
"392",970.4030151367
"393",989.0230102539
"394",1011.799987793
"395",1029.9100341797
"396",1042.9000244141
"397",1027.3399658203
"398",1038.1500244141
"399",1061.3499755859
"400",1063.0699462891
"401",994.3829956055
"402",988.6740112305
"403",1004.450012207
"404",999.1810302734
"405",990.6420288086
"406",1004.549987793
"407",1007.4799804688
"408",1027.4399414063
"409",1046.2099609375
"410",1054.4200439453
"411",1047.8699951172
"412",1079.9799804688
"413",1115.3000488281
"414",1117.4399414063
"415",1166.7199707031
"416",1173.6800537109
"417",1143.8399658203
"418",1165.1999511719
"419",1179.9699707031
"420",1179.9699707031
"421",1222.5
"422",1251.0100097656
"423",1274.9899902344
"424",1255.1500244141
"425",1267.1199951172
"426",1272.8299560547
"427",1223.5400390625
"428",1150
"429",1188.4899902344
"430",1116.7199707031
"431",1175.8299560547
"432",1221.3800048828
"433",1231.9200439453
"434",1240
"435",1249.6099853516
"436",1187.8100585938
"437",1100.2299804688
"438",973.8179931641
"439",1036.7399902344
"440",1054.2299804688
"441",1120.5400390625
"442",1049.1400146484
"443",1038.5899658203
"444",937.5200195313
"445",972.7789916992
"446",966.7249755859
"447",1045.7700195313
"448",1047.1500244141
"449",1039.9699707031
"450",1026.4300537109
"451",1071.7900390625
"452",1080.5
"453",1102.1700439453
"454",1143.8100585938
"455",1133.25
"456",1124.7800292969
"457",1182.6800537109
"458",1176.9000244141
"459",1175.9499511719
"460",1187.8699951172
"461",1187.1300048828
"462",1205.0100097656
"463",1200.3699951172
"464",1169.2800292969
"465",1167.5400390625
"466",1172.5200195313
"467",1182.9399414063
"468",1193.9100341797
"469",1211.6700439453
"470",1210.2900390625
"471",1229.0799560547
"472",1222.0500488281
"473",1231.7099609375
"474",1207.2099609375
"475",1250.1500244141
"476",1265.4899902344
"477",1281.0799560547
"478",1317.7299804688
"479",1316.4799804688
"480",1321.7900390625
"481",1347.8900146484
"482",1421.5999755859
"483",1452.8199462891
"484",1490.0899658203
"485",1537.6700439453
"486",1555.4499511719
"487",1578.8000488281
"488",1596.7099609375
"489",1723.3499755859
"490",1755.3599853516
"491",1787.1300048828
"492",1848.5699462891
"493",1724.2399902344
"494",1804.9100341797
"495",1808.9100341797
"496",1738.4300537109
"497",1734.4499511719
"498",1839.0899658203
"499",1888.6500244141
"500",1987.7099609375
"501",2084.7299804688
"502",2041.1999511719
"503",2173.3999023438
"504",2320.419921875
"505",2443.6398925781
"506",2304.9799804688
"507",2202.419921875
"508",2038.8699951172
"509",2155.8000488281
"510",2255.6101074219
"511",2175.4699707031
"512",2286.4099121094
"513",2407.8798828125
"514",2488.5500488281
"515",2515.3500976563
"516",2511.8100585938
"517",2686.8100585938
"518",2863.1999511719
"519",2732.1599121094
"520",2805.6201171875
"521",2823.8100585938
"522",2947.7099609375
"523",2958.1101074219
"524",2659.6298828125
"525",2717.0200195313
"526",2506.3701171875
"527",2464.580078125
"528",2518.5600585938
"529",2655.8798828125
"530",2548.2900390625
"531",2589.6000976563
"532",2721.7900390625
"533",2689.1000976563
"534",2705.4099121094
"535",2744.9099121094
"536",2608.7199707031
"537",2589.4099121094
"538",2478.4499511719
"539",2552.4499511719
"540",2574.7900390625
"541",2539.3200683594
"542",2480.8400878906
"543",2434.5500488281
"544",2506.4699707031
"545",2564.0600585938
"546",2601.6398925781
"547",2601.9899902344
"548",2608.5600585938
"549",2518.6599121094
"550",2571.3400878906
"551",2518.4399414063
"552",2372.5600585938
"553",2337.7900390625
"554",2398.8400878906
"555",2357.8999023438
"556",2233.3400878906
"557",1998.8599853516
"558",1929.8199462891
"559",2228.4099121094
"560",2318.8798828125
"561",2273.4299316406
"562",2817.6000976563
"563",2667.7600097656
"564",2810.1201171875
"565",2730.3999023438
"566",2754.8601074219
"567",2576.4799804688
"568",2529.4499511719
"569",2671.7800292969
"570",2809.0100097656
"571",2726.4499511719
"572",2757.1799316406
"573",2875.3400878906
"574",2718.2600097656
"575",2710.669921875
"576",2804.7299804688
"577",2895.8898925781
"578",3252.9099121094
"579",3213.9399414063
"580",3378.9399414063
"581",3419.9399414063
"582",3342.4699707031
"583",3381.2800292969
"584",3650.6201171875
"585",3884.7099609375
"586",4073.2600097656
"587",4325.1298828125
"588",4181.9301757813
"589",4376.6298828125
"590",4331.6899414063
"591",4160.6201171875
"592",4193.7001953125
"593",4087.6599121094
"594",4001.7399902344
"595",4100.5200195313
"596",4151.5200195313
"597",4334.6801757813
"598",4371.6000976563
"599",4352.3999023438
"600",4382.8798828125
"601",4382.66015625
"602",4579.0200195313
"603",4565.2998046875
"604",4703.3901367188
"605",4892.009765625
"606",4578.7700195313
"607",4582.9599609375
"608",4236.3100585938
"609",4376.5297851563
"610",4597.1201171875
"611",4599.8798828125
"612",4228.75
"613",4226.0600585938
"614",4122.9399414063
"615",4161.2700195313
"616",4130.8100585938
"617",3882.5900878906
"618",3154.9499511719
"619",3637.5200195313
"620",3625.0400390625
"621",3582.8798828125
"622",4065.1999511719
"623",3924.9699707031
"624",3905.9499511719
"625",3631.0400390625
"626",3630.6999511719
"627",3792.3999023438
"628",3682.8400878906
"629",3926.0700683594
"630",3892.3500976563
"631",4200.669921875
"632",4174.7299804688
"633",4163.0698242188
"634",4338.7099609375
"635",4403.740234375
"636",4409.3198242188
"637",4317.4799804688
"638",4229.3598632813
"639",4328.41015625
"640",4370.8100585938
"641",4426.8901367188
"642",4610.4799804688
"643",4772.0200195313
"644",4781.990234375
"645",4826.4799804688
"646",5446.91015625
"647",5647.2099609375
"648",5831.7900390625
"649",5678.1899414063
"650",5725.58984375
"651",5605.509765625
"652",5590.6899414063
"653",5708.5200195313
"654",6011.4501953125
"655",6031.6000976563
"656",6008.419921875
"657",5930.3198242188
"658",5526.6401367188
"659",5750.7998046875
"660",5904.830078125
"661",5780.8999023438
"662",5753.08984375
"663",6153.8500976563
"664",6130.5297851563
"665",6468.3999023438
"666",6767.3100585938
"667",7078.5
"668",7207.759765625
"669",7379.9501953125
"670",7407.41015625
"671",7022.759765625
"672",7144.3798828125
"673",7459.6899414063
"674",7143.580078125
"675",6618.1401367188
"676",6357.6000976563
"677",5950.0698242188
"678",6559.490234375
"679",6635.75
"680",7315.5400390625
"681",7871.6899414063
"682",7708.990234375
"683",7790.1499023438
"684",8036.490234375
"685",8200.6396484375
"686",8071.259765625
"687",8253.5498046875
"688",8038.7700195313
"689",8253.6904296875
"690",8790.919921875
"691",9330.5498046875
"692",9818.349609375
"693",10058.7998046875
"694",9888.6103515625
"695",10233.599609375
"696",10975.599609375
"697",11074.599609375
"698",11323.2001953125
"699",11657.2001953125
"700",11916.7001953125
"701",14291.5
"702",17899.69921875
"703",16569.400390625
"704",15178.2001953125
"705",15455.400390625
"706",16936.80078125
"707",17415.400390625
"708",16408.19921875
"709",16564
"710",17706.900390625
"711",19497.400390625
"712",19140.80078125
"713",19114.19921875
"714",17776.69921875
"715",16624.599609375
"716",15802.900390625
"717",13831.7998046875
"718",14699.2001953125
"719",13925.7998046875
"720",14026.599609375
"721",16099.7998046875
"722",15838.5
"723",14606.5
"724",14656.2001953125
"725",12952.2001953125
"726",14156.400390625
"727",13657.2001953125
"728",14982.099609375
"729",15201
"730",15599.2001953125
"731",17429.5
"732",17527
"733",16477.599609375
"734",15170.099609375
"735",14595.400390625
"736",14973.2998046875
"737",13405.7998046875
"738",13980.599609375
"739",14360.2001953125
"740",13772
"741",13819.7998046875
"742",11490.5
"743",11188.599609375
"744",11474.900390625
"745",11607.400390625
"746",12899.2001953125
"747",11600.099609375
"748",10931.400390625
"749",10868.400390625
"750",11359.400390625
"751",11259.400390625
"752",11171.400390625
"753",11440.7001953125
"754",11786.2998046875
"755",11296.400390625
"756",10106.2998046875
"757",10221.099609375
"758",9170.5400390625
"759",8830.75
"760",9174.91015625
"761",8277.009765625
"762",6955.2700195313
"763",7754
"764",7621.2998046875
"765",8265.58984375
"766",8736.98046875
"767",8621.900390625
"768",8129.9702148438
"769",8926.5703125
"770",8598.3095703125
"771",9494.6298828125
"772",10166.400390625
"773",10233.900390625
"774",11112.7001953125
"775",10551.7998046875
"776",11225.2998046875
"777",11403.7001953125
"778",10690.400390625
"779",10005
"780",10301.099609375
"781",9813.0703125
"782",9664.73046875
"783",10366.7001953125
"784",10725.599609375
"785",10397.900390625
"786",10951
"787",11086.400390625
"788",11489.7001953125
"789",11512.599609375
"790",11573.2998046875
"791",10779.900390625
"792",9965.5703125
"793",9395.009765625
"794",9337.5498046875
"795",8866
"796",9578.6298828125
"797",9205.1201171875
"798",9194.849609375
"799",8269.8095703125
"800",8300.8603515625
"801",8338.349609375
"802",7916.8798828125
"803",8223.6796875
"804",8630.650390625
"805",8913.4697265625
"806",8929.2802734375
"807",8728.4697265625
"808",8879.6201171875
"809",8668.1201171875
"810",8495.7802734375
"811",8209.400390625
"812",7833.0400390625
"813",7954.4799804688
"814",7165.7001953125
"815",6890.5200195313
"816",6973.5297851563
"817",6844.2299804688
"818",7083.7998046875
"819",7456.1098632813
"820",6853.83984375
"821",6811.4702148438
"822",6636.3198242188
"823",6911.08984375
"824",7023.5200195313
"825",6770.7299804688
"826",6834.759765625
"827",6968.3198242188
"828",7889.25
"829",7895.9599609375
"830",7986.240234375
"831",8329.1103515625
"832",8058.669921875
"833",7902.08984375
"834",8163.419921875
"835",8294.3095703125
"836",8845.830078125
"837",8895.580078125
"838",8802.4599609375
"839",8930.8798828125
"840",9697.5
"841",8845.740234375
"842",9281.509765625
"843",8987.0498046875
"844",9348.48046875
"845",9419.080078125
"846",9240.5498046875
"847",9119.009765625
"848",9235.919921875
"849",9743.8603515625
"850",9700.759765625
"851",9858.150390625
"852",9654.7998046875
"853",9373.009765625
"854",9234.8203125
"855",9325.1796875
"856",9043.9404296875
"857",8441.490234375
"858",8504.8896484375
"859",8723.9404296875
"860",8716.7900390625
"861",8510.3798828125
"862",8368.830078125
"863",8094.3198242188
"864",8250.9697265625
"865",8247.1796875
"866",8513.25
"867",8418.990234375
"868",8041.7797851563
"869",7557.8198242188
"870",7587.33984375
"871",7480.1401367188
"872",7355.8798828125
"873",7368.2202148438
"874",7135.990234375
"875",7472.58984375
"876",7406.5200195313
"877",7494.169921875
"878",7541.4501953125
"879",7643.4501953125
"880",7720.25
"881",7514.4702148438
"882",7633.759765625
"883",7653.9799804688
"884",7678.240234375
"885",7624.919921875
"886",7531.9799804688
"887",6786.0200195313
"888",6906.919921875
"889",6582.3598632813
"890",6349.8999023438
"891",6675.3500976563
"892",6456.580078125
"893",6550.16015625
"894",6499.2700195313
"895",6734.8198242188
"896",6769.9399414063
"897",6776.5498046875
"898",6729.740234375
"899",6083.6899414063
"900",6162.4799804688
"901",6173.2299804688
"902",6249.1801757813
"903",6093.669921875
"904",6157.1298828125
"905",5903.4399414063
"906",6218.2998046875
"907",6404
"908",6385.8198242188
"909",6614.1801757813
"910",6529.58984375
"911",6597.5498046875
"912",6639.1401367188
"913",6673.5
"914",6856.9301757813
"915",6773.8798828125
"916",6741.75
"917",6329.9501953125
"918",6394.7099609375
"919",6228.8100585938
"920",6238.0498046875
"921",6276.1201171875
"922",6359.6401367188
"923",6741.75
"924",7321.0400390625
"925",7370.7797851563
"926",7466.8598632813
"927",7354.1298828125
"928",7419.2900390625
"929",7418.490234375
"930",7711.1098632813
"931",8424.26953125
"932",8181.3901367188
"933",7951.580078125
"934",8165.009765625
"935",8192.150390625
"936",8218.4599609375
"937",8180.48
"938",7780.44
"939",7624.91
"940",7567.15
"941",7434.39
"942",7032.85
"943",7068.48
"944",6951.8
"945",6753.12
"946",6305.8
"947",6568.23
"948",6184.71
"949",6295.73
"950",6322.69
"951",6297.57
"952",6199.71
"953",6308.52
"954",6334.73
"955",6580.63
"956",6423.76
"957",6506.07
"958",6308.53
"959",6488.76
"960",6376.71
"961",6534.88
"962",6719.96
"963",6763.19
"964",6707.26
"965",6884.64
"966",7096.28
"967",7047.16
"968",6978.23
"969",7037.58
"970",7193.25
"971",7272.72
"972",7260.06
"973",7361.66
"974",6792.83
"975",6529.17
"976",6467.07
"977",6225.98
"978",6300.86
"979",6329.7
"980",6321.2
"981",6351.8
"982",6517.31
"983",6512.71
"984",6543.2
"985",6517.18
"986",6281.2
"987",6371.3
"988",6398.54
"989",6519.67
"990",6734.95
"991",6721.98
"992",6710.63
"993",6595.41
"994",6446.47
"995",6495
"996",6676.75
"997",6644.13
"998",6601.96
"999",6625.56
"1000",6589.62
"1001",6556.1
"1002",6502.59
"1003",6576.69
"1004",6622.48
"1005",6588.31
"1006",6602.95
"1007",6652.23
"1008",6642.64
"1009",6585.53
"1010",6256.24
"1011",6274.58
"1012",6285.99
"1013",6290.93
"1014",6596.54
"1015",6596.11
"1016",6544.43
"1017",6476.71
"1018",6465.41
"1019",6489.19
"1020",6482.35
"1021",6487.16
"1022",6475.74
"1023",6495.84
"1024",6476.29
"1025",6474.75
"1026",6480.38
"1027",6486.39
"1028",6332.63
"1029",6334.27
"1030",6317.61
"1031",6377.78
"1032",6388.44
"1033",6361.26
"1034",6376.13
"1035",6419.66
"1036",6461.01
"1037",6530.14
"1038",6453.72
"1039",6385.62
"1040",6409.22
"1041",6411.27
"1042",6371.27
"1043",6359.49
"1044",5738.35
"1045",5648.03
"1046",5575.55
"1047",5554.33
"1048",5623.54
"1049",4871.49
"1050",4451.87
"1051",4602.17
"1052",4365.94
"1053",4347.11
"1054",3880.76
"1055",4009.97
"1056",3779.13
"1057",3820.72
"1058",4257.42
"1059",4278.84645524
"1060",4017.26845712
"1061",4214.67193177
"1062",4139.8780641
"1063",3894.1309069
"1064",3956.89386975
"1065",3753.99482663
"1066",3521.10172384
"1067",3419.93720035
"1068",3476.11471452
"1069",3614.23427278
"1070",3502.65599577
"1071",3424.58807495
"1072",3486.95014412
"1073",3313.67725772
"1074",3242.48476281
"1075",3236.76164502
"1076",3252.83902595
"1077",3545.86476058
"1078",3696.05912776
"1079",3745.95076478
"1080",4134.44120304
"1081",3896.54371704
"1082",4014.18251388
"1083",3998.98034184
"1084",4078.59919478
"1085",3815.49060966
"1086",3857.29751969
"1087",3654.83353854
"1088",3923.91859424
"1089",3820.40868219
"1090",3865.95257679
"1091",3742.70033544
"1092",3843.51996727
"1093",3943.40933686
"1094",3836.74131867
"1095",3857.71761887
"1096",3845.19446017
"1097",4076.63268458
"1098",4025.24828708
"1099",4030.84799935
"1100",4035.29636921
"1101",3678.92468128
"1102",3687.3654818
"1103",3661.30098975
"1104",3552.95306759
"1105",3706.05222041
"1106",3630.67522467
"1107",3655.00688578
"1108",3678.56397636
"1109",3657.83943502
"1110",3728.56836493
"1111",3601.0135915
"1112",3576.03243928
"1113",3604.57705248
"1114",3585.12306636
"1115",3600.86550122
"1116",3599.7658879
"1117",3602.46043861
"1118",3583.96576317
"1119",3470.45054223
"1120",3448.11702209
"1121",3486.18175093
"1122",3457.79274724
"1123",3487.94538683
"1124",3521.06078726
"1125",3464.01332586
"1126",3459.15414635
"1127",3466.35743916
"1128",3413.7677183
"1129",3399.47164359
"1130",3666.78035061
"1131",3671.20370545
"1132",3690.18824383
"1133",3648.43062774
"1134",3653.52864497
"1135",3632.07060268
"1136",3616.88097021
"1137",3620.81075285
"1138",3629.78749138
"1139",3673.83629289
"1140",3915.71447331
"1141",3947.09440657
"1142",3999.82050882
"1143",3954.1182433
"1144",4005.52660406
"1145",4142.52692999
"1146",3810.42743065
"1147",3882.69629339
"1148",3854.35793575
"1149",3851.04747978
"1150",3854.78528208
"1151",3859.58375221
"1152",3864.41510673
"1153",3847.17569934
"1154",3761.55701842
"1155",3896.37502308
"1156",3903.9425832
"1157",3911.4842891
"1158",3901.13162355
"1159",3963.31374243
"1160",3951.59982769
"1161",3905.22731979
"1162",3909.15620907
"1163",3906.71716859
"1164",3924.369118
"1165",3960.91118728
"1166",4048.72590374
"1167",4025.22897966
"1168",4032.50738522
"1169",4071.19020004
"1170",4087.47629856
"1171",4029.32690706
"1172",4023.96816173
"1173",4035.82635079
"1174",4022.1682822
"1175",3963.07065416
"1176",3985.08080287
"1177",4087.06622992
"1178",4069.10714977
"1179",4098.37454059
"1180",4106.66008466
"1181",4105.40429618
"1182",4158.18307045
"1183",4879.87782845
"1184",4973.02181522
"1185",4922.79878778
"1186",5036.68110011
"1187",5059.81718799
"1188",5198.89699014
"1189",5289.77104039
"1190",5204.95837847
"1191",5324.5518687
"1192",5064.48767243
"1193",5089.53891201
"1194",5096.58656276
"1195",5167.72236684
"1196",5067.10847228
"1197",5235.55941893
"1198",5251.93818854
"1199",5298.38569881
"1200",5303.81261613
"1201",5337.8861323
"1202",5314.5314532
"1203",5399.36541009
"1204",5572.36206051
"1205",5464.86664182
"1206",5210.51555862
"1207",5279.34821147
"1208",5268.29106346
"1209",5285.13900822
"1210",5247.35253746
"1211",5350.72669668
"1212",5402.69709069
"1213",5505.28367176
"1214",5768.28940693
"1215",5831.16747167
"1216",5795.70842926
"1217",5746.80700343
"1218",5829.50151628
"1219",5982.45732286
"1220",6174.52868876
"1221",6378.8489737
"1222",7204.77169716
"1223",6972.37152291
"1224",7814.91513992
"1225",7994.41615632
"1226",8205.16749484
"1227",7884.90929094
"1228",7343.89571659
"1229",7271.20790408
"1230",8197.68969114
"1231",7978.30907244
"1232",7963.32777911
"1233",7680.06654589
"1234",7881.84672105
"1235",7987.37156583
"1236",8052.54385907
"1237",8673.21603511
"1238",8805.7783766
"1239",8719.9617362
"1240",8659.48775584
"1241",8319.47222898
"1242",8574.50164907
"1243",8564.01647182
"1244",8742.95810038
"1245",8208.99482964
"1246",7707.77077085
"1247",7824.23153913
"1248",7822.02338228
"1249",8043.95135807
"1250",7954.12772355
"1251",7688.07711075
"1252",8000.32982299
"1253",7927.71435114
"1254",8145.85747373
"1255",8230.92383068
"1256",8693.83281543
"1257",8838.37523367
"1258",8994.48801293
"1259",9320.35218253
"1260",9081.76285149
"1261",9273.52176614
"1262",9527.16035008
"1263",10144.5567168
"1264",10701.691013
"1265",10855.3710156
"1266",11011.1024485
"1267",11790.916533
"1268",13016.2317442
"1269",11182.8062855
"1270",12407.331998
"1271",11959.3709764
"1272",10817.1555981
"1273",10583.1345195
"1274",10801.6779238
"1275",11961.2693412
"1276",11215.4375483
"1277",10978.4599518
"1278",11208.5508454
"1279",11450.8467553
"1280",12285.958217
"1281",12573.8129407
"1282",12156.5126313
"1283",11358.661752
"1284",11815.9866867
"1285",11392.3793357
"1286",10256.0582756
"1287",10895.0893874
"1288",9477.64204235
"1289",9693.80272448
"1290",10666.4828491
"1291",10530.7326264
"1292",10767.1395226
"1293",10599.1053965
"1294",10343.1061684
"1295",9900.76801058
"1296",9811.92618837
"1297",9911.84226491
"1298",9870.30353766
"1299",9477.67767811
"1300",9552.86043541
"1301",9519.14591371
"1302",9607.42368665
"1303",10085.6277491
"1304",10399.6694229
"1305",10518.1746772
"1306",10821.7265103
"1307",10970.1842157
"1308",11805.6537253
"1309",11478.1693461
"1310",11941.9683406
"1311",11966.407405
"1312",11862.93676
"1313",11354.0242177
"1314",11523.5793784
"1315",11382.6159562
"1316",10895.8304358
"1317",10051.7039313
"1318",10311.545429
"1319",10374.3393471
"1320",10231.7438454
"1321",10345.8103795
"1322",10916.0538702
"1323",10763.2326304
"1324",10138.049355
"1325",10131.0561021
"1326",10407.965329
"1327",10159.9605385
"1328",10138.517665
"1329",10370.8201605
"1330",10185.4998997
"1331",9754.42327325
"1332",9510.20054413
"1333",9598.17364826
"1334",9630.66384768
"1335",9757.97031807
"1336",10346.7607927
"1337",10623.5401172
"1338",10594.4933536
"1339",10575.533284
"1340",10353.3025592
"1341",10517.254784
"1342",10441.275979
"1343",10334.9741628
"1344",10115.9757913
"1345",10178.3718893
"1346",10410.1268031
"1347",10360.5472773
"1348",10358.0491621
"1349",10347.7129074
"1350",10276.7935649
"1351",10241.2721545
"1352",10198.2484072
"1353",10266.4149694
"1354",10181.6413094
"1355",10019.7169101
"1356",10070.3921064
"1357",9729.32376435
"1358",8620.56642733
"1359",8486.99297206
"1360",8118.96756783
"1361",8251.84555744
"1362",8245.91515478
"1363",8104.18567564
"1364",8293.86774062
"1365",8343.2766814
"1366",8393.04164486
"1367",8259.99197863
"1368",8205.93924121
"1369",8151.50052921
"1370",7988.15595888
"1371",8245.622933
"1372",8228.7831528
"1373",8595.73981722
"1374",8586.47342543
"1375",8321.75671178
"1376",8336.55527417
"1377",8321.00574668
"1378",8374.6864467
"1379",8205.36931588
"1380",8047.52686305
"1381",8103.91137325
"1382",7973.20744597
"1383",7988.56044241
"1384",8222.07826034
"1385",8243.72113905
"1386",8078.20332194
"1387",7514.67201276
"1388",7493.48873154
"1389",8660.70063696
"1390",9244.97220867
"1391",9551.7149631
"1392",9256.14838876
"1393",9427.68758384
"1394",9205.72655905
"1395",9199.58483269
"1396",9261.104352
"1397",9324.71776331
"1398",9235.35487947
"1399",9412.61187106
"1400",9342.52717939
"1401",9360.87991187
"1402",9267.56114253
"1403",8804.88071936
"1404",8813.58248677
"1405",9055.52605732
"1406",8757.78854226
"1407",8815.66253925
"1408",8808.2625823
"1409",8708.09509517
"1410",8491.99201234
"1411",8550.76055694
"1412",8577.9757816
"1413",8309.28598342
"1414",8206.14591807
"1415",8027.26824331
"1416",7642.74994484
"1417",7296.57756843
"1418",7397.7968154
"1419",7047.91688176
"1420",7146.13390214
"1421",7218.37133433
"1422",7531.6636446
"1423",7463.1061283
"1424",7761.24360172
"1425",7569.63012202
"1426",7424.29226516
"1427",7321.98811242
"1428",7320.1454684
"1429",7252.03458617
"1430",7448.30752084
"1431",7546.99669772
"1432",7556.23803387
"1433",7564.3454032
"1434",7400.89935576
"1435",7278.1197833
"1436",7217.4271152
"1437",7243.13436273
"1438",7269.68455922
"1439",7124.67396997
"1440",7152.30184412
"1441",6932.48038982
"1442",6640.51524608
"1443",7276.80277047
"1444",7202.84436364
"1445",7218.81638679
"1446",7191.15846913
"1447",7511.58904232
"1448",7355.62826671
"1449",7322.5324589
"1450",7275.15572845
"1451",7238.96702501
"1452",7290.08851803
"1453",7317.99003408
"1454",7422.65258898
"1455",7292.99507783
"1456",7193.59897843
"1457",7200.17439274
"1458",6985.47000061
"1459",7344.88418341
"1460",7410.65656642
"1461",7411.31732676
"1462",7769.21903905
"1463",8163.69223944
"1464",8079.86277673
"1465",7879.07152428
"1466",8166.55414039
"1467",8037.53738872
"1468",8192.49400532
"1469",8144.19451744
"1470",8827.76442606
"1471",8807.01027532
"1472",8723.78576573
"1473",8929.0376776
"1474",8942.80890321
"1475",8706.24512993
"1476",8657.64293942
"1477",8745.89478833
"1478",8680.87604222
"1479",8406.5160678
"1480",8445.43428152
"1481",8367.84777344
"1482",8596.82983316
"1483",8909.81917753
"1484",9358.59031703
"1485",9316.62950445
"1486",9508.9935947
"1487",9350.52936518
"1488",9392.87536841
"1489",9344.36529292
"1490",9293.52108908
"1491",9180.9629665
"1492",9613.42428895
"1493",9729.80223149
"1494",9795.94377253
"1495",9865.11946905
"1496",10116.673759
"1497",9856.61149362
"1498",10208.2362609
"1499",10326.0545246
"1500",10214.3794638
"1501",10312.1160909
"1502",9889.42462838
"1503",9934.43339025
"1504",9690.14261814
"1505",10141.9963705
"1506",9633.38688518
"1507",9608.47590343
"1508",9686.44119763
"1509",9663.18182933
"1510",9924.51522822
"1511",9650.17480677
"1512",9341.70516876
"1513",8820.52220005
"1514",8784.49384867
"1515",8672.45534996
"1516",8599.50861972
"1517",8562.45405008
"1518",8869.67031078
"1519",8787.78645576
"1520",8755.24589461
"1521",9078.76279174
"1522",9122.54557333
"1523",8909.9536515
"1524",8108.11629101
"1525",7923.6447033
"1526",7909.72939346
"1527",7911.43012933
"1528",4970.78790105
"1529",5563.70689169
"1530",5200.36626392
"1531",5392.31488002
"1532",5014.47997748
"1533",5225.62919259
"1534",5238.43857664
"1535",6191.19295222
"1536",6198.77820508
"1537",6185.06651501
"1538",5830.25479765
"1539",6416.31475839
"1540",6734.80378045
"1541",6681.06312656
"1542",6716.44054866
"1543",6469.79813509
"1544",6242.1938684
"1545",5922.0431227
"1546",6429.84193389
"1547",6438.64476637
"1548",6606.77626829
"1549",6793.62459642
"1550",6733.3873906
"1551",6867.52731596
"1552",6791.12944093
"1553",7271.7811527
"1554",7176.41450049
"1555",7334.09845346
"1556",7302.0895105
"1557",6865.49337195
"1558",6859.08296343
"1559",6971.09159108
"1560",6845.03769683
"1561",6842.42786097
"1562",6642.10989286
"1563",7116.80421777
"1564",7096.18465879
"1565",7257.66485847
"1566",7189.42482356
"1567",6881.95869275
"1568",6880.32347375
"1569",7117.20747869
"1570",7429.72464927
"1571",7550.90102725
"1572",7569.93603405
"1573",7679.86720422
"1574",7795.60083451
"1575",7807.05845106
"1576",8801.03776688
"1577",8658.55417975
"1578",8864.76680793
"1579",8988.5962069
"1580",8897.46850985
"1581",8912.65460539
"1582",9003.07017834
"1583",9268.76208066
"1584",9951.5187451
"1585",9842.66636785
"1586",9593.89673363
"1587",8756.43114193
"1588",8601.79620238
"1589",8804.47781074
"1590",9269.98770576
"1591",9733.72147137
"1592",9328.19722645
"1593",9377.0140257
"1594",9670.73937122
"1595",9726.5748149
"1596",9729.0379192
"1597",9522.98115678
"1598",9081.76202252
"1599",9182.57751787
"1600",9209.28742769
"1601",8790.36800074
"1602",8906.93476142
"1603",8835.05306073
"1604",9181.01794762
"1605",9525.7510947
"1606",9439.12439045
"1607",9700.41407169
"1608",9461.05891806
"1609",10167.2681012
"1610",9529.80414872
"1611",9656.71776526
"1612",9800.63659532
"1613",9665.53278908
"1614",9653.67926335
"1615",9758.8524174
"1616",9771.48948366
"1617",9795.70019463
"1618",9870.09445278
"1619",9321.78129819
"1620",9480.84378943
"1621",9475.27733834
"1622",9386.78789214
"1623",9450.70198692
"1624",9538.0243743
"1625",9480.25536624
"1626",9411.84046197
"1627",9288.01871603
"1628",9332.340762
"1629",9303.62971409
"1630",9648.71760979
"1631",9629.65836578
"1632",9313.61034868
"1633",9264.81304308
"1634",9162.91760386
"1635",9045.39095672
"1636",9143.58219104
"1637",9190.85446467
"1638",9137.99340026
"1639",9228.32559024
"1640",9123.41015432
"1641",9087.30391103
"1642",9132.48795051
"1643",9073.94286936
"1644",9375.47475925
"1645",9252.27750386
"1646",9428.3330848
"1647",9277.96790642
"1648",9278.8078672
"1649",9240.34632654
"1650",9276.49985018
"1651",9243.61385509
"1652",9243.21341642
"1653",9192.83736784
"1654",9132.22786293
"1655",9151.39223963
"1656",9159.03990531
"1657",9185.81691242
"1658",9164.2313647
"1659",9374.88752808
"1660",9525.36344997
"1661",9581.07201141
"1662",9536.89268563
"1663",9677.11349729
"1664",9905.16724705
"1665",10990.8733998
"1666",10912.8230505
"1667",11100.4681253
"1668",11111.2142899
"1669",11323.4664207
"1670",11759.5927707
"1671",11053.613901
"1672",11246.3487749
"1673",11205.8929179
"1674",11747.0228312
"1675",11779.7732574
"1676",11601.4727146
"1677",11754.0458135
"1678",11675.7393433
"1679",11878.1113253
"1680",11410.5256775
"1681",11584.9345762
"1682",11784.1373895
"1683",11768.8706193
"1684",11865.69857
"1685",11892.8040631
"1686",12254.4019083
"1687",11991.2332456
"1688",11758.2835921
"1689",11878.3716211
"1690",11592.4890449
"1691",11681.8255623
"1692",11664.8479948
"1693",11774.5958414
"1694",11366.1350817
"1695",11488.3634896
"1696",11323.3970324
"1697",11542.4997333
"1698",11506.8653177
"1699",11711.506161
"1700",11680.8204905
"1701",11970.4787405
"1702",11414.0337325
"1703",10245.296686
"1704",10511.8138807
"1705",10169.567221
"1706",10280.3517032
"1707",10369.5637386
"1708",10131.5166457
"1709",10242.3477803
"1710",10363.1390401
"1711",10400.9146854
"1712",10442.1706031
"1713",10323.7557975
"1714",10680.8374328
"1715",10796.9509861
"1716",10974.9048915
"1717",10948.9899152
"1718",10944.5858045
"1719",11094.3462761
"1720",10938.2712894
"1721",10462.2596185
"1722",10538.4603213
"1723",10246.18649281
"1724",10760.06625677
"1725",10692.71721234
"1726",10750.72357903
"1727",10775.26937624
"1728",10709.65218175
"1729",10844.64098118
"1730",10784.49157795
"1731",10619.45190766
"1732",10575.97504191
"1733",10549.32889962
"1734",10669.58254327
"1735",10793.33942751
"1736",10604.40588882
"1737",10668.96895539
"1738",10915.68573098
"1739",11064.45759247
"1740",11296.3614282
"1741",11384.1819535
"1742",11555.3628878
"1743",11425.8994007
"1744",11429.50688675
"1745",11495.34965037
"1746",11322.12268618
"1747",11358.10156733
"1748",11483.35971184
"1749",11742.03715033
"1750",11916.33514058
"1751",12823.68918938
"1752",12965.89129043
"1753",12931.53902256
"1754",13108.06261161
"1755",13031.17431056
"1756",13075.24769656
"1757",13654.21844012
"1758",13271.28536861
"1759",13437.8832414
"1760",13546.52226938
"1761",13780.99470249
"1762",13737.10982864
"1763",13550.4893841
"1764",13950.30084729
"1765",14133.70715301
"1766",15579.84846029
"1767",15565.88058083
"1768",14833.7541075
"1769",15479.56703842
"1770",15332.31559743
"1771",15290.90268148
"1772",15701.33973237
"1773",16276.34394919
"1774",16317.80819009
"1775",16068.13870685
"1776",15955.58743887
"1777",16716.11132377
"1778",17645.40576746
"1779",17804.00563217
"1780",17817.09024754
"1781",18621.31436938
"1782",18642.23276593
"1783",18370.00252365
"1784",18364.12159134
"1785",19107.46444977
"1786",18732.1207774
"1787",17150.62357809
"1788",17108.40172774
"1789",17717.4150112
"1790",18177.48341979
"1791",19625.83502949
"1792",18802.99829969
"1793",19201.09115697
"1794",19445.39847988
"1795",18699.76561337
"1796",19154.231131
"1797",19345.12095871
"1798",19191.63128698
"1799",18321.14491611
"1800",18553.91537685
"1801",18264.99210672
"1802",18058.90334725
"1803",18803.65687045
"1804",19142.3825335
"1805",19246.64434137
"1806",19417.07603342
"1807",21310.59813054
"1808",22805.16149213
"1809",23137.96056165
"1810",23869.83196434
"1811",23477.29519711
"1812",22803.0814087
"1813",23783.02850288
"1814",23241.34486501
"1815",23735.94972763
"1816",24664.79027412
"1817",26437.0375091
"1818",26272.29456706
"1819",27084.80788628
"1820",27362.4365573
"1821",28840.95341968
"1822",29001.71982218
"1823",29374.15188907
"1824",32127.26793922
"1825",32782.02446581
"1826",31971.91352155
"1827",33992.42934365
"1828",36824.36441009
"1829",39371.04235311
"1830",40797.61071993
"1831",40254.54649816
"1832",38356.43950662
"1833",35566.65594049
"1834",33922.9605815
"1835",37316.35939997
"1836",39187.32812109
"1837",36825.36585131
"1838",36178.13890106
"1839",35791.27792129
"1840",36630.07568284
"1841",36069.80639361
"1842",35547.7508855
"1843",30825.69850603
"1844",33005.76356216
"1845",32067.64288212
"1846",32289.37808687
"1847",32366.39304887
"1848",32569.84955679
"1849",30432.54707881
"1850",33466.09635821
"1851",34316.38765032
"1852",34269.52154165
"1853",33114.35774753
"1854",33537.1768196
"1855",35510.28903716
"1856",37472.09010368
"1857",36926.06446515
"1858",38144.30686267
"1859",39266.01073494
"1860",38903.44147971
"1861",46196.46371944
"1862",46481.10423596
"1863",44918.18449192
"1864",47909.33119483
"1865",47504.85118326
"1866",47105.51747252
"1867",48717.2902111
"1868",47945.05683234
"1869",49199.87134362
"1870",52149.00753587
"1871",51679.79669449
"1872",55888.13368221
"1873",56099.52051348
"1874",57539.9436679
"1875",54207.31906543
"1876",48824.42686909
"1877",49705.33331637
"1878",47093.85301914
"1879",46339.76008289
"1880",46188.45127539
"1881",45137.77046805
"1882",49631.24137077
"1883",48378.98805435
"1884",50538.24341445
"1885",48561.1661539
"1886",48927.3045548
"1887",48912.38173056
"1888",51206.69295308
"1889",52246.52230995
"1890",54824.11781138
"1891",56008.54940114
"1892",57805.12301924
"1893",57332.08896391
"1894",61243.08476552
"1895",59302.31697742
"1896",55907.20022619
"1897",56804.90123161
"1898",58870.89333325
"1899",57858.92070527
"1900",58346.65297359
"1901",58313.64260857
"1902",57523.42098673
"1903",54529.14561107
"1904",54738.94493032
"1905",52774.26369049
"1906",51704.1619252
"1907",55137.31372578
"1908",55973.51084173
"1909",55950.7457745
"1910",57750.19987147
"1911",58917.6930451
"1912",58918.83271375
"1913",59095.80797806
"1914",59384.3133586
"1915",57603.88917376
"1916",58758.55629127
"1917",59057.87896588
"1918",58192.35868406
"1919",56048.93781271
"1920",58323.95357975
"1921",58245.00300108
"1922",59793.23541009
"1923",60204.96491379
"1924",59893.45188869
"1925",63503.45793019
"1926",63109.69593464
"1927",63314.01084504
"1928",61572.78960116
"1929",60683.82123331
"1930",56216.18500243
"1931",55724.26709807
"1932",56473.0322808
"1933",53906.08804584
"1934",51762.27205146
"1935",51093.65070999
"1936",50050.86821565
"1937",49004.25326318
"1938",54021.75478737
"1939",55033.11801332
"1940",54824.70489507
"1941",53555.10849133
"1942",57750.17734563
"1943",57828.05063222
"1944",56631.07741255
"1945",57200.29122289
"1946",53333.53775274
"1947",57424.00594813
"1948",56396.51416376
"1949",57356.40187692
"1950",58803.77580865
"1951",58232.3161419
"1952",55859.79754454
"1953",56704.5730585
"1954",49150.53387514
"1955",49716.19160254
"1956",49880.53342038
"1957",46760.18656071
"1958",46456.05847448
"1959",43537.51138918
"1960",42909.40092517
"1961",37002.4404659
"1962",40782.73826245
"1963",37304.69067136
"1964",37536.63111241
"1965",34770.58362292
"1966",38705.97863723
"1967",38402.22385137
"1968",39294.19738214
"1969",38436.96853505
"1970",35697.60639024
"1971",34616.06800347
"1972",35678.12920411
"1973",37332.85368874
"1974",36684.92451667
"1975",37575.17957566
"1976",39208.76599489
"1977",36894.40532994
"1978",35551.95872588
"1979",35862.37772747
"1980",33560.70783776
"1981",33472.63174808
"1982",37345.12148619
"1983",36702.59937466
"1984",37334.39952553
"1985",35552.51714847
"1986",39097.86089667
"1987",40218.47785943
"1988",40406.26898673
"1989",38347.06322666
"1990",38053.50417253
"1991",35787.24478177
"1992",35615.86927002
"1993",35698.29644336
"1994",31676.69373254
"1995",32505.6598245
"1996",33723.0289781
"1997",34662.43589358
"1998",31637.78005541
"1999",32186.27767093
"2000",34649.64458753
"2001",34434.33531428
"2002",35867.77773549
"2003",35040.83724889
"2004",33572.11765253
"2005",33897.04858963
"2006",34668.54840182
"2007",35287.77976616
"2008",33746.00245614
"2009",34235.19345116
"2010",33855.32688833
"2011",32877.37262842
"2012",33798.01020742
"2013",33520.51995283
"2014",34240.18701074
"2015",33155.84813085
"2016",32702.02592354
"2017",32822.34873678
"2018",31780.73137404
"2019",31421.53845398
"2020",31533.06753327
"2021",31796.81013825
"2022",30817.83165619
"2023",29807.34767271
"2024",32110.69326387
"2025",32313.10632477
"2026",33581.55060854
"2027",34292.44590612
"2028",35350.18697353
"2029",37337.5333134
"2030",39406.9409837
"2031",39995.90646862
"2032",40008.42084653
"2033",42235.54770874
"2034",41626.19567624
"2035",39974.89602594
"2036",39201.945189
"2037",38152.9820898
"2038",39747.50501675
"2039",40869.55432742
"2040",42816.49896809
"2041",44555.8006644
"2042",43798.11767796
"2043",46365.40065035
"2044",45585.03077231
"2045",45593.63593071
"2046",44428.28846681
"2047",47793.32117908
"2048",47096.94566198
"2049",47047.00454195
"2050",46004.4840786
"2051",44695.35761921
"2052",44801.18871714
"2053",46717.5787452
"2054",49339.17603688
"2055",48905.49058555
"2056",49321.65404941
"2057",49546.14770729
"2058",47706.11855498
"2059",48960.78728025
"2060",46942.21786802
"2061",49058.66973026
"2062",48902.40220635
"2063",48829.8326
"2064",47054.98479356
"2065",47166.68794545
"2066",48847.02907417
"2067",49327.72318398
"2068",50025.37460546
"2069",49944.62690568
"2070",51753.41192621
"2071",52633.53620235
"2072",46811.12952948
"2073",46091.38930192
"2074",46391.4229753
"2075",44883.9101072
"2076",45201.45898324
"2077",46063.27035709
"2078",44963.0726328295
"2079",47092.4938332669
"2080",48176.3463927443
"2081",47783.3578046439
"2082",47267.5200230691
"2083",48278.3635153298
"2084",47260.2173314677
"2085",42843.8024409386
"2086",40693.67719159
"2087",43574.509432809
"2088",44895.0966015708
"2089",42839.7516959645
"2090",42716.5931467285
"2091",43208.5391045354
"2092",42235.7318466434
"2093",41034.5446652294
"2094",41564.3634814909
"2095",43790.8956254849
"2096",48116.9412180277
"2097",47711.4864634698
"2098",48199.9515572655
"2099",49112.9012823932
"2100",51514.8140602767
"2101",55361.4494296079
"2102",53805.9851642989
"2103",53967.8467672527
"2104",54968.2244504154
"2105",54771.5791838546
"2106",57484.7894651936
"2107",56041.0568380579
"2108",57401.0975273362
"2109",57321.5252796604
"2110",61593.9500606183
"2111",60892.1806927008
"2112",61553.6173846995
"2113",62026.077831093
"2114",64261.9911928559
"2115",65992.8370361176
"2116",62210.1730756348
"2117",60692.2644330955
"2118",61393.617191517
"2119",60930.8364421796
"2120",63039.8255141733
"2121",60363.7920503572
"2122",58482.3879400455
"2123",60622.1367088483
"2124",62227.9645938188
"2125",61888.8312190326
"2126",61318.957766606
"2127",61004.4080213493
"2128",63226.401097088
"2129",62970.0474260185
"2130",61452.2305873208
"2131",61125.6742689036
"2132",61527.4817933987
"2133",63326.9890280992
"2134",67566.8300878775
"2135",66971.8280974611
"2136",64995.2293907433
"2137",64949.96191476
"2138",64155.9418364327
"2139",64469.5290233851
"2140",65466.8410240344
"2141",63557.8715183709
"2142",60161.2470371667
"2143",60368.0118167649
"2144",56942.1362440572
"2145",58119.5761937925
"2146",59697.1971342589
"2147",58730.4766386507
"2148",56289.2873226386
"2149",57569.0748757271
"2150",56280.4271082207
"2151",57274.6794471653
"2152",53569.7639630968
"2153",54815.079304928
"2154",57248.458375824
"2155",57806.5662152559
"2156",57005.4254735998
"2157",57229.8298994492
"2158",56477.8174777821
"2159",53598.2464702979
"2160",49200.7046174372
"2161",49368.8470992255
"2162",50582.6253966441
"2163",50700.0843364829
"2164",50504.7955387084
"2165",47672.1223910874
"2166",47243.3056849164
"2167",49362.508336459
"2168",50098.3351363893
"2169",46737.48224375
"2170",46612.6335069029
"2171",48896.7208291144
"2172",47665.426077884
"2173",46202.143379147
"2174",46848.7767655561
"2175",46707.0148769996
"2176",46880.2789637231
"2177",48936.6141514468
"2178",48628.509925134
"2179",50784.5381788605
"2180",50822.1965232303
"2181",50429.8577970562
"2182",50809.5150128895
"2183",50640.4188043781
"2184",47588.8547774592
"2185",46444.7104905398
"2186",47178.1258434398
"2187",46306.4461226996
"2188",47686.8115091782
"2189",47345.220564253
"2190",46458.1169588914
"2191",45897.5758267783
"2192",43569.0033476498
"2193",43160.9284196054
"2194",41557.9011609709
"2195",41733.9430988926
"2196",41911.6015363357
"2197",41821.2631390031
"2198",42735.8541195077
"2199",43949.1006867819
"2200",42591.5722580306
"2201",43099.6998283297
"2202",43177.3967900803
"2203",43113.8801137778
"2204",42250.5493732401
"2205",42375.6328430686
"2206",41744.3298424627
"2207",40680.4199136003
"2208",36457.3181001361
"2209",35030.2517675959
"2210",36276.8046943699
"2211",36654.3291826876
"2212",36954.0020136276
"2213",36852.122594586
"2214",37138.2343159536
"2215",37784.3332640665
"2216",38138.1785657755
"2217",37917.60273361
"2218",38483.126309273
"2219",38743.2725693698
"2220",36952.9849327595
"2221",37154.6002446074
"2222",41500.8753823114
"2223",41441.1648206042
"2224",42412.4342359174
"2225",43840.2865761055
"2226",44118.4462597284
"2227",44338.7977574167
"2228",43565.1121728445
"2229",42407.9379380192
"2230",42244.4699868886
"2231",42197.5153405276
"2232",42586.9196860901
"2233",44575.2033341441
"2234",43961.8593882795
"2235",40538.0128343685
"2236",40030.9755990885
"2237",40122.1547656975
"2238",38431.3781154647
"2239",37075.2793533757
"2240",38286.0270879696
"2241",37296.5720003887
"2242",38332.6098307004
"2243",39214.2206250425
"2244",39105.1478155514
"2245",37709.7837534329
"2246",43193.2340330233
"2247",44354.6375073612
"2248",43924.1164380558
"2249",42451.7895866188
"2250",39137.6036387584
"2251",39400.5841380401
"2252",38419.9833773926
"2253",38062.040205582
"2254",38737.2684954927
"2255",41982.9263548072
"2256",39437.4597736288
"2257",38794.9731374789
"2258",38904.0133980303
"2259",37849.6627995273
"2260",39666.7558189777
"2261",39338.7854920324
"2262",41143.9280403474
"2263",40951.3798755055
"2264",41801.1544960935
"2265",42190.6534617069
"2266",41247.8234468342
"2267",41077.9979918038
"2268",42358.8084254084
"2269",42892.9574822428
"2270",43960.933058954
"2271",44348.7309048344
"2272",44500.8284155129
"2273",46820.4934636771
"2274",47128.0051622503
"2275",47465.7298877113
"2276",47062.6641669272
"2277",45538.6769223388
"2278",46281.6439814509
"2279",45868.9491559204
"2280",46453.5670763172
"2281",46622.6744137452
"2282",45555.9934041971
"2283",43206.7376725735
"2284",43503.8491661365
"2285",42287.6635116808
"2286",42782.1353172936
"2287",42207.670963734
"2288",39521.9013265663
"2289",40127.1820849288
"2290",41166.7318122462
"2291",39935.5169992135
"2292",40553.4632718884
"2293",40424.4832933225
"2294",39716.9542258357
"2295",40826.2143856021
"2296",41502.7504194207
"2297",41374.3782012031
"2298",40527.3640835385
"2299",39740.3198538771
"2300",39486.7287113245
"2301",39469.293555834
"2302",40458.3089645522
"2303",38117.4625078349
"2304",39241.1227507635
"2305",39773.8283675659
"2306",38609.8231933379
"2307",37714.875545299
"2308",38469.0939025425
"2309",38529.3278008977
"2310",37750.4539152995
"2311",39698.3706196742
"2312",36575.142132703
"2313",36040.9223501524
"2314",35501.9541442019
"2315",34059.2642505879
"2316",30296.9534000531
"2317",31022.9054122253
"2318",28936.3550311122
"2319",29047.7510038538
"2320",29283.103811543
"2321",30101.2664459848
"2322",31305.1125686764
"2323",29862.9182412919
"2324",30425.857276796
"2325",28720.2713997454
"2326",30314.3349534984
"2327",29200.7400877833
"2328",29432.2259634811
"2329",30323.7218952694
"2330",29098.909745734
"2331",29655.58613284
"2332",29562.3612655464
"2333",29267.2246712304
"2334",28627.5748531586
"2335",29023.4880392653
"2336",29445.9576239208
"2337",31726.3906858653
"2338",31792.3099432754
"2339",29799.0797135195
"2340",30467.4877414342
"2341",29704.3913570693
"2342",29832.9142253244
"2343",29906.6617477915
"2344",31370.6719476925
"2345",31155.4787018498
"2346",30214.356242025
"2347",30111.9979224235
"2348",29083.8047209541
"2349",28360.811358542
"2350",26762.6490379039
"2351",22487.3879258459
"2352",22206.7927900583
"2353",22572.8398231902
"2354",20381.6512129024
"2355",20471.4818924914
"2356",19017.6423550215
"2357",20553.2718217472
"2358",20599.5379647956
"2359",20710.597101739
"2360",19987.0290493797
"2361",21085.8771612422
"2362",21231.6557714446
"2363",21502.3386880262
"2364",21027.2953088067
"2365",20735.4779474249
"2366",20280.6356501458
"2367",20104.0231777817
"2368",19784.7264946249
"2369",19269.3666859098
"2370",19242.255580241
"2371",19297.0760827928
"2372",20231.2615118026
"2373",20190.1146695234
"2374",20548.2458719695
"2375",21637.5877502437
"2376",21731.1165833973
"2377",21592.2060743303
"2378",20860.4493930623
"2379",19970.556593233
"2380",19323.914856106
"2381",20212.073498093
"2382",20569.9200615284
"2383",20836.3286445243
"2384",21190.3156676219
"2385",20779.3445398509
"2386",22485.6892521761
"2387",23389.4328464795
"2388",23231.7319651172
"2389",23164.6287547047
"2390",22714.9791482287
"2391",22465.4776274248
"2392",22609.164770669
"2393",21361.700521904
"2394",21239.7543798251
"2395",22930.5484457
"2396",23843.8862077382
"2397",23804.6332345672
"2398",23656.2070255842
"2399",23336.8956049843
"2400",23314.1994325371
"2401",22978.1165929475
"2402",22846.5070579755
"2403",22630.9567321334
"2404",23289.3142774141
"2405",22961.2789671291
"2406",23175.8908490806
"2407",23809.4871145188
"2408",23164.3179862813
"2409",23947.64342535
"2410",23957.5301942682
"2411",24402.8185057558
"2412",24424.0678311507
"2413",24319.3339226
"2414",24136.9724246641
"2415",23883.2905467346
"2416",23335.9982223605
"2417",23212.7390770428
"2418",20877.5536922194
"2419",21166.060396105
"2420",21534.1212308142
"2421",21398.9083503016
"2422",21528.087371684
"2423",21395.0200714925
"2424",21600.9051416699
"2425",20260.0186494241
"2426",20041.7384530551
"2427",19616.8149844439
"2428",20297.9946353065
"2429",19796.8094024105
"2430",20049.7631893726
"2431",20127.1402694309
"2432",19969.7711774602
"2433",19832.0877293385
"2434",19986.71383922
"2435",19812.3714787542
"2436",18837.667712375
"2437",19290.3238735938
"2438",19329.8349334266
"2439",21381.1528552866
"2440",21680.539413428
"2441",21769.2563395567
"2442",22370.448649932
"2443",20296.7078138753
"2444",20241.0898018307
"2445",19701.2099625661
"2446",19772.5842055678
"2447",20127.5766571789
"2448",19419.506190767
"2449",19544.1292496743
"2450",18890.7890963691
"2451",18547.3997598262
"2452",19413.5516208219
"2453",19297.6378400087
"2454",18937.0111756715
"2455",18802.0979756765
"2456",19222.6721841704
"2457",19110.5465509918
"2458",19426.7213316789
"2459",19573.0503140007
"2460",19431.7894465994
"2461",19312.0947321314
"2462",19044.1072723711
"2463",19623.580334556
"2464",20336.842949206
"2465",20160.7161716068
"2466",19955.4436723686
"2467",19546.8497101499
"2468",19416.5678495233
"2469",19446.4261941327
"2470",19141.4835050122
"2471",19051.4182694773
"2472",19157.4462868525
"2473",19382.9040336331
"2474",19185.656700327
"2475",19067.6350822884
"2476",19268.0928008619
"2477",19550.7572999132
"2478",19334.4151499829
"2479",19139.5343513894
"2480",19053.7402405368
"2481",19172.4692172692
"2482",19208.1902460043
"2483",19567.0073980529
"2484",19345.5723482851
"2485",20095.8564554472
"2486",20770.4412716294
"2487",20285.8367757017
"2488",20595.3519366012
"2489",20818.4761644388
"2490",20635.6037476843
"2491",20495.7742320325
"2492",20485.2732430903
"2493",20159.5030671045
"2494",20209.9874150039
"2495",21147.2297322385
"2496",21282.6912959164
"2497",20926.4859738215
"2498",20602.8167252699
"2499",18541.2718532238
"2500",15880.7798491723
"2501",17586.7714495473
"2502",17034.2931347133
"2503",16799.1847383999
"2504",16353.3657171761
"2505",16618.1992288908
"2506",16884.6139070546
"2507",16669.4401447741
"2508",16687.5179505411
"2509",16697.7776677865
"2510",16711.5477937965
"2511",16291.8324676929
"2512",15787.2840945218
"2513",16189.7695319341
"2514",16610.7064149352
"2515",16604.4650179543
"2516",16521.8410189608
"2517",16464.2810793656
"2518",16444.6268345485
"2519",16217.3224676411
"2520",16444.9832700291
"2521",17168.5655484864
"2522",16967.1336671008
"2523",17088.6604094023
"2524",16908.236795124
"2525",17130.4859472168
"2526",16974.8256651336
"2527",17089.5037060098
"2528",16848.1276289005
"2529",17233.4740199151
"2530",17133.1520141413
"2531",17128.7237102156
"2532",17104.1928057162
"2533",17206.4383006718
"2534",17781.3188354598
"2535",17652.0983126836
"2536",17364.8649112629
"2537",16647.4834788286
"2538",16795.0909672135
"2539",16757.9774032466
"2540",16439.679646163
"2541",16906.3052104215
"2542",16817.534386551
"2543",16830.3414239344
"2544",16796.9521712163
"2545",16847.7552651546
"2546",16841.9870522838
"2547",16919.8051749285
"2548",16717.1739801271
"2549",16552.5717365145
"2550",16642.3426718856
"2551",16602.5851557701
"2552",16547.4953660162
"2553",16625.0805507091
"2554",16688.4713573932
"2555",16679.8570798137
"2556",16863.2382582833
"2557",16836.7366452236
"2558",16951.9695166293
"2559",16955.0774351588
"2560",17091.1444513033
"2561",17196.5540596395
"2562",17446.292509299
"2563",17943.8976294683
"2564",18869.5880552656
"2565",19909.5746247506
"2566",20976.2997963921
"2567",20880.7992021821
"2568",21169.6327806964
"2569",21161.5192199162
"2570",20688.7807298648
"2571",21086.7933048443
"2572",22676.5517588881
"2573",22777.6258091326
"2574",22720.4156286391
"2575",22934.4314643586
"2576",22636.4693111916
"2577",23117.8596819048
"2578",23032.7775987084
"2579",23078.7278799123
"2580",23031.0897756201
"2581",23774.5659233116
"2582",22840.13890738
"2583",23139.2839099123
"2584",23723.7696534847
"2585",23471.8704412794
"2586",23449.3216215066
"2587",23331.8471370961
"2588",22955.6660162974
"2589",22760.1092633004
"2590",23264.2911876916
"2591",22939.3987006841
"2592",21819.0399147365
"2593",21651.1837829361
"2594",21870.8740640545
"2595",21788.2039862606
"2596",21808.1017736009
"2597",22220.8041436975
"2598",24307.8413284844
"2599",23623.4744808063
"2600",24565.6019889467
"2601",24641.2769484258
"2602",24327.6416722827
"2603",24829.1475699492
"2604",24436.354484576
"2605",24188.8429766943
"2606",23947.492523176
"2607",23198.1274878832
"2608",23175.3756358425
"2609",23561.2129109163
"2610",23522.871914506
"2611",23147.3533899085
"2612",23646.549899145
"2613",23475.4667376623
"2614",22362.6793319333
"2615",22353.3500739307
"2616",22435.5141969735
"2617",22429.7575333463
"2618",22219.7690709418
"2619",21718.0798304321
"2620",20363.0211117254
"2621",20187.2436476163
"2622",20632.4096293926
"2623",22163.949951915
"2624",24197.5329977753
"2625",24746.0746588477
"2626",24375.9613578312
"2627",25052.789721748
"2628",27423.9306340492
"2629",26965.8797570266
"2630",28038.6749467651
"2631",27767.2363318262
"2632",28175.8168354249
"2633",27307.4367684133
"2634",28333.9727113788
"2635",27493.2851436235
"2636",27494.7068783775
"2637",27994.3295142227
"2638",27139.8885305221
"2639",27268.1314829145
"2640",28348.442342812
"2641",28033.5631503957
"2642",28478.4846056804
"2643",28411.0342430924
"2644",28199.3083837745
"2645",27790.2208547736
"2646",28168.0898164027
"2647",28177.9835569508
"2648",28044.1397549441
"2649",27925.8594084129
"2650",27947.7945496942
"2651",28333.0500476249
"2652",29652.9800970841
"2653",30235.0589389553
"2654",30139.052871052
"2655",30399.0663854918
"2656",30485.7000292553
"2657",30318.4969530646
"2658",30315.3554561203
"2659",29445.0449049628
"2660",30397.5527355226
"2661",28822.6804729009
"2662",28245.9873104934
"2663",27276.9096875756
"2664",27817.5009174373
"2665",27591.3846319068
"2666",27525.3394995911
"2667",28307.5980906654
"2668",28422.7008784923
"2669",29473.7861836728
"2670",29340.262498158
"2671",29248.4883729176
"2672",29268.8070431626
"2673",28091.5688038924
"2674",28680.5369679129
"2675",29006.3076709086
"2676",28847.7115906552
"2677",29534.384019705
"2678",28904.6239490708
"2679",28454.9782855135
"2680",27694.2728962731
"2681",27658.774672519
"2682",27621.7562273313
"2683",27000.7882707338
"2684",26804.9906706878
"2685",26784.0785608824
"2686",26930.6378455643
"2687",27192.6932211649
"2688",27036.650709944
"2689",27398.8020279652
"2690",26832.209300486
"2691",26890.1282424083
"2692",27129.5862550312
"2693",26753.8256390547
"2694",26851.2776278913
"2695",27225.7265906348
"2696",26334.8182144365
"2697",26476.2075319731
"2698",26719.2909846173
"2699",26868.3538184312
"2700",28085.6473607492
"2701",27745.884443552
"2702",27702.3487747796
"2703",27219.6586081109
"2704",26819.9732197077
"2705",27249.5889490884
"2706",27075.1293984425
"2707",27119.0671931263
"2708",25760.0969995361
"2709",27238.7837262174
"2710",26345.9988512669
"2711",26508.2159021565
"2712",26480.3750935951
"2713",25851.2410031697
"2714",25940.1680803434
"2715",25902.499869783
"2716",25918.7284012682
"2717",25124.6766798408
"2718",25576.3940082636
"2719",26327.4623942173
"2720",26510.6764468879
"2721",26336.213003281
"2722",26851.0285455213
"2723",28327.4882643282
"2724",30027.296453501
"2725",29912.281714768
"2726",30695.4694074896
"2727",30548.6948247387
"2728",30480.2616057375
"2729",30271.1310167397
"2730",30688.163854246
"2731",30086.2461885249
"2732",30445.3512260882
"2733",30477.2512822446
"2734",30590.0790715004
"2735",30620.7702634481
"2736",31156.4394915754
"2737",30777.5815111677
"2738",30514.16639282
"2739",29909.3377611007
"2740",30342.2647520959
"2741",30292.541172642
"2742",30171.2335717583
"2743",30414.4715205927
"2744",30620.9509380041
"2745",30391.6461439343
"2746",31476.0493854442
"2747",30334.0690076907
"2748",30295.807483728
"2749",30249.1328102967
"2750",30145.8896255087
"2751",29856.5632231206
"2752",29913.9231998543
"2753",29792.0163780508
"2754",29908.743898772
"2755",29771.8028277715
"2756",30084.5392407563
"2757",29176.9154848326
"2758",29227.390799952
"2759",29354.9728831488
"2760",29210.6892773374
"2761",29319.2454030349
"2762",29356.9185375698
"2763",29275.307946897
"2764",29230.110878649
"2765",29675.7324980608
"2766",29151.9596891331
"2767",29178.678779687
"2768",29074.0917277723
"2769",29042.1261500756
"2770",29041.8561709403
"2771",29180.5789215225
"2772",29765.4926735622
"2773",29561.4945073243
"2774",29429.5924885661
"2775",29397.7154970071
"2776",29415.9645162195
"2777",29282.9143793982
"2778",29408.4425504032
"2779",29170.3472059942
"2780",28701.7795245305
"2781",26664.5499931202
"2782",26049.5569008807
"2783",26096.2045506881
"2784",26189.5846686604
"2785",26124.141253131
"2786",26031.6564794482
"2787",26431.6399826996
"2788",26162.3724949505
"2789",26047.6688510481
"2790",26008.462659668
"2791",26089.6934716635
"2792",26106.1500439649
"2793",27727.3930090424
"2794",27297.2653483206
"2795",25931.4728933574
"2796",25800.7243726077
"2797",25868.7981401932
"2798",25969.5673526316
"2799",25812.4152686728
"2800",25779.9817949848
"2801",25753.2362583108
"2802",26240.19489212
"2803",25905.6537515133
"2804",25895.6782209584
"2805",25832.2262469114
"2806",25162.6552722476
"2807",25833.3430604915
"2808",26228.3240875137
"2809",26539.6744424527
"2810",26608.6933649124
"2811",26568.2812876599
"2812",26534.18751685
"2813",26754.2810377253
"2814",27211.1178197241
"2815",27132.0073401285
"2816",26567.6329044034
"2817",26579.5686371325
"2818",26579.3897405605
"2819",26256.8257867445
"2820",26298.4795511748
"2821",26217.2493357507
"2822",26352.7176189088
"2823",27021.5467647385
"2824",26911.7216027656
"2825",26967.9163010637
"2826",27983.7503817847
"2827",27530.784889745
"2828",27429.9790166632
"2829",27799.3940958796
"2830",27415.9119821677
"2831",27946.5967799289
"2832",27968.8388707898
"2833",27935.0895806612
"2834",27583.6785949548
"2835",27391.0195174366
"2836",26873.3211207589
"2837",26756.7986388286
"2838",26862.3754456225
"2839",26861.7062025597
"2840",27159.6529187802
"2841",28519.466679449
"2842",28415.7481397071
"2843",28328.3411519926
"2844",28719.8061329065
"2845",29682.9492736036
"2846",29918.4116679289
"2847",29993.896524372
"2848",33086.2329685778
"2849",33901.5265633635
"2850",34502.8208915452
"2851",34156.6498283887
"2852",33909.7992843111
"2853",34089.5758722222
"2854",34538.4820881103
"2855",34502.3646632352
"2856",34667.7793605467
"2857",35437.2531810872
"2858",34938.2423951435
"2859",34732.3255842841
"2860",35082.1972208526
"2861",35049.3559240236
"2862",35037.3694407199
"2863",35443.5613607149
"2864",35655.2760812313
"2865",36693.1236338431
"2866",37313.9696874571
"2867",37138.0505408954
"2868",37054.5201429095
"2869",36502.3573373281
"2870",35537.6405155251
"2871",37880.5831724307
"2872",36154.7692413685
"2873",36596.6819231214
"2874",36585.7029298644
"2875",37386.547774872
"2876",37476.9558592879
"2877",35813.8113636295
"2878",37432.3383067227
"2879",37289.6206606291
"2880",37720.2811521398
"2881",37796.792344848
"2882",37479.1222936619
"2883",37254.1688542494
"2884",37831.08686845
"2885",37858.4940548249
"2886",37712.7477716325
"2887",38688.7483611912
"2888",39476.3332803722
"2889",39978.3918165449
"2890",41980.099479768
"2891",44080.6479510633
"2892",43746.4453572592
"2893",43292.664239208
"2894",44166.6006381823
"2895",43725.9858124315
"2896",43779.6972879957
"2897",41243.833314624
"2898",41450.2221904665
"2899",42890.7407335901
"2900",43023.9719741933
"2901",41929.758392901
"2902",42240.1190820501
"2903",41364.665918237
"2904",42623.5383250276
"2905",42270.526139511
"2906",43652.2486680177
"2907",43869.1508569937
"2908",43997.9014099549
"2909",43739.5421372235
"2910",43016.1176211831
"2911",43613.1420846622
"2912",42520.4015112687
"2913",43442.8545582321
"2914",42627.8535313684
"2915",42099.40280858
"2916",42156.9011497639
"2917",42265.185654866
"2918",44167.3302140774
"2919",44957.9700541418
"2920",42848.1756409655
"2921",44179.9217008268
"2922",44162.6916302269
"2923",43989.1940934574
"2924",43943.0972289695
"2925",46970.5023144901
"2926",46139.7303748525
"2927",46627.7791119614
"2928",46368.5853820194
"2929",42853.166658062
"2930",42842.382191236
"2931",41796.2696064245
"2932",42511.9677203311
"2933",43154.9442343824
"2934",42742.6528373141
"2935",41262.0583641846
"2936",41618.4073654042
"2937",41665.5848362109
"2938",41545.7835143902
"2939",39507.368823822
"2940",39845.5511467999
"2941",40077.073269779
"2942",39933.80775217
"2943",41816.8728440034
"2944",42120.0563516849
"2945",42035.5943721701
"2946",43288.2453360835
"2947",42952.6082102489
"2948",42582.6063895367
"2949",43075.7745999369
"2950",43185.8594322356
"2951",42992.2496292216
"2952",42583.5829201294
"2953",42658.66604833
"2954",43084.6718635339
"2955",44318.2244507353
"2956",45301.5666288709
"2957",47147.2003126111
"2958",47771.2773670997
"2959",48293.916750573
"2960",49958.2242190229
"2961",49742.4409898499
"2962",51826.6959960877
"2963",51938.5563164417
"2964",52160.2028290199
"2965",51662.9953696527
"2966",52122.5454555893
"2967",51779.1440620507
"2968",52284.8735570538
"2969",51839.180531431
"2970",51304.9743566764
"2971",50731.9491908572
"2972",51571.1031123439
"2973",51733.2366017007
"2974",54522.4015367874
"2975",57085.3723068546
"2976",62504.7892535158
"2977",61198.382897303
"2978",62440.632541801
"2979",62029.8460575718
"2980",63167.3703575333
"2981",68330.4156080938
"2982",63801.1975606416
"2983",66106.8027872293
"2984",66925.4832022114
"2985",68300.0956913071
"2986",68498.8813040087
"2987",69019.7863638058
"2988",72123.9035465021
"2989",71481.2915939556
"2990",73083.5013282129
"2991",71396.5898919832
"2992",69403.7718321646
"2993",65315.1174741194
"2994",68390.6228032209
"2995",67548.5915664071
"2996",61912.7731524471
"2997",67913.6730250434
"2998",65491.3899253579
"2999",63778.7625575478
"3000",64062.2023270844
"3001",67234.1723529876
"3002",69958.8135820151
"3003",69987.8389025111
"3004",69455.3409809589
"3005",70744.95206404
"3006",69892.8290676804
"3007",69645.3057915427
"3008",71333.6479258644
"3009",69702.1461134383
"3010",65446.9742329379
"3011",65980.8086503925
"3012",68508.8418444563
"3013",67837.6425319939
"3014",68896.1099842787
"3015",69362.5512776015
"3016",71631.3569464587
"3017",69139.0158316976
"3018",70587.8794391434
"3019",70060.607060739
"3020",67195.8641789992
"3021",63821.4738846918
"3022",65738.723886878
"3023",63426.2100184061
"3024",63811.8639407202
"3025",61276.6932586277
"3026",63512.7534949431
"3027",63843.568502442
"3028",64994.4400680992
"3029",64926.643211728
"3030",66837.676090911
"3031",66407.2717994139
"3032",64276.8974153965
"3033",64481.7066444767
"3034",63755.3213316848
"3035",63419.141196433
"3036",63113.2316825626
"3037",63841.1201641904
"3038",60636.8567800147
"3039",58254.0098531432
"3040",59123.432246675
"3041",62889.8367440854
"3042",63891.4729184709
"3043",64031.1328085695
"3044",63161.9502576304
"3045",62334.8183461472
"3046",61187.9414007209
"3047",63049.9592572275
"3048",60792.7767905692
"3049",60793.7095993966
"3050",61448.3946717975
"3051",62901.4474552226
"3052",61552.7901353372
"3053",66267.4914674742
"3054",65231.5803133093
"3055",67051.8749127217
"3056",66940.8044099749
"3057",66278.3700820502
"3058",71448.1951913786
"3059",70136.5314428893
"3060",69122.3390056842
"3061",67929.5630390052
"3062",68526.0977735946
"3063",69265.9427381597
"3064",68518.089965076
"3065",69394.5533738668
"3066",68296.2219884276
"3067",67578.0929202265
"3068",68364.9895474297
"3069",67489.6117770498
"3070",67706.9373135869
"3071",67751.6025754618
"3072",68804.7800851881
"3073",70567.7689044147
"3074",71082.8227040099
"3075",70757.1658518634
"3076",69342.5867361146
"3077",69305.7743187653
"3078",69647.9930028748
"3079",69512.2802780003
"3080",67332.0304641765
"3081",68241.1840753497
"3082",66756.3970935791
"3083",66011.0937273263
"3084",66191.0004703788
"3085",66639.0465356994
"3086",66490.2941752674
"3087",65140.7445894597
"3088",64960.2953009057
"3089",64828.6558115702
"3090",64096.1981877808
"3091",64252.5787467441
"3092",63180.7982064002
"3093",60277.4146563769
"3094",61804.6411680707
"3095",60811.2784501874
"3096",61604.801764073
"3097",60320.1355264783
"3098",60887.3808347422
"3099",62678.292079457
"3100",62851.9800679276
"3101",62029.0168101831
"3102",60173.9235814982
"3103",56977.7014590912
"3104",56662.3732744795
"3105",58303.5385809166
"3106",55849.1106386094
"3107",56705.0984270702
"3108",58009.2263162293
"3109",57742.4946206796
"3110",57344.914785087
"3111",57899.4655171113
"3112",59231.9532405648
"3113",60787.7923701369
"3114",64870.1528151311
"3115",65097.1468308443
"3116",64118.7926694255
"3117",63974.0666841082
"3118",66710.1543130458
"3119",67163.6449237129
"3120",68154.522905866
"3121",67585.2499720905
"3122",65927.6723614031
"3123",65372.1332336736
"3124",65777.2239400202
"3125",67912.06309622
"3126",67813.3394163313
"3127",68255.8657690205
"3128",66819.9161863636
"3129",66201.0162264011
"3130",64619.2496492185
"3131",65357.5015625505
"3132",61415.0645726852
"3133",60680.0946987796
"3134",58116.9769610403
"3135",53991.4577965042
"3136",56034.3165914605
"3137",55027.4606917867
"3138",61710.1375644501
"3139",60880.1122032153
"3140",60945.8131361053
"3141",58719.483169327
"3142",59354.5137212797
"3143",60609.5669845367
"3144",58737.2706270019
"3145",57560.0976318307
"3146",58894.1041602173
"3147",59478.9710471953
"3148",58483.9649819015
"3149",59493.4524821881
"3150",59012.7911526577
"3151",61175.192009918
"3152",60381.9124606776
"3153",64094.3572066269
"3154",64178.9906500623
"3155",64333.5441834656
"3156",62880.6586542698
"3157",59504.1326827134
"3158",59027.6265870301
"3159",59388.1808524122
"3160",59119.4747770124
"3161",58969.8983660431
"3162",57325.4876891906
"3163",59112.4795055389
"3164",57431.0229886572
"3165",57971.5408166853
"3166",56160.4872644568
"3167",53948.7522426374
"3168",54139.6894492297
"3169",54841.5663542288
"3170",57019.5347575706
"3171",57648.7124094767
"3172",57343.1705364168
"3173",58127.010836944
"3174",60571.2991585945
"3175",60005.1191557571
"3176",59182.8353338828
"3177",58192.5068714421
"3178",60308.5375947655
"3179",61649.6787266514
"3180",62940.456765714
"3181",63192.975082876
"3182",63394.838742556
"3183",63648.7098902519
"3184",63329.802386615
"3185",64301.9672659429
"3186",63143.1459738721
"3187",65181.0206972443
"3188",65790.6616497344
"3189",65887.6487821282
"3190",65635.3081461486
"3191",63329.4981294766
"3192",60837.009700736
"3193",60632.7862737945
"3194",60759.4013268768
"3195",62067.4774474519
"3196",62089.9484591443
"3197",62818.9544761374
"3198",62236.6593684009
"3199",62131.9678544148
"3200",60582.1009695389
"3201",60274.4980637861
"3202",62445.0886070974
"3203",63193.0230702875
"3204",62851.3749169602
"3205",66046.1280687548
"3206",67041.1071653338
"3207",67612.7207776042
"3208",67399.8334924398
"3209",68418.7890489052
"3210",68362.7331098485
"3211",69001.7066212849
"3212",67367.8525561409
"3213",67361.4026645272
"3214",66432.1982471759
"3215",68161.053337619
"3216",66642.4107304263
"3217",67014.6977283094
"3218",67929.298795622
"3219",69907.7546738921
"3220",72720.4935748749
"3221",72339.5421808449
"3222",70215.1856325839
"3223",69482.4698507967
"3224",69289.276665623
"3225",68741.1154919735
"3226",67811.5091418451
"3227",69359.5661661779
"3228",75639.0779464884
"3229",75904.8584618969
"3230",76545.4766431325
"3231",76778.8677516165
"3232",80474.185602194
"3233",88701.488084206
"3234",87955.8098216397
"3235",90584.1666733787
"3236",87250.4312745932
"3237",91066.0069552759
"3238",90558.4752358199
"3239",89845.8512088281
"3240",90542.6439962666
"3241",92343.7920549007
"3242",94339.4950270085
"3243",98504.7275898154
"3244",98997.662080436
"3245",97777.279763055
"3246",98013.8209078789
"3247",93102.2952135852
"3248",91985.3168304103
"3249",95962.5284193169
"3250",95652.4651587091
"3251",97461.5237129843
"3252",96449.0558127732
"3253",97279.7929223558
"3254",95865.3016323752
"3255",96002.162144032
"3256",98768.5275553455
"3257",96593.5722722098
"3258",99920.7147303285
"3259",99923.3366192646
"3260",101236.013140353
"3261",97432.7212603679
"3262",96675.4335399369
"3263",101173.032645111
"3264",100042.997915012
"3265",101459.254401268
"3266",101372.966078653
"3267",104298.695797922
"3268",106029.720586096
"3269",106140.59823843
"3270",100041.542702905
"3271",97490.949982775
"3272",97755.9301603751
"3273",97224.7263442974
"3274",95104.9343710597
"3275",94686.2394384325
"3276",98676.0973968281
"3277",99299.1927492124
"3278",95795.5165975983
"3279",94164.8603483526
"3280",95163.9319264048
"3281",93530.2284378695
"3282",92643.2146040146
"3283",93429.2028113992
"3284",94419.7575054903
"3285",96886.8782682304
"3286",98107.4287619937
"3287",98236.2290916657
"3288",98314.9594436372
"3289",102078.085572877
"3290",96922.7052796726
"3291",95043.5234559406
"3292",92484.0369715298
"3293",94701.4564626687
"3294",94566.5936752458
"3295",94488.4410616268
"3296",94516.5256268428
"3297",96534.0442146476
"3298",100504.493441195
"3299",99756.9090981947
"3300",104462.042622218
"3301",104408.067303051
"3302",101089.606498321
"3303",102016.662280759
"3304",106146.263006734
"3305",103653.069242229
"3306",103960.171637227
"3307",104819.484485496
"3308",104714.645366318
"3309",102682.497033177
"3310",102087.691335018
"3311",101332.476220806
"3312",103703.211192417
"3313",104735.302839148
"3314",102405.027084445
"3315",100655.905651215
"3316",97688.9793048889
"3317",101405.42306569
"3318",97871.8178338929
"3319",96615.4445401536
"3320",96593.3003285625
"3321",96529.082494532
"3322",96482.4498744429
"3323",96500.0947902698
"3324",97437.5572620868
"3325",95747.4311295895
"3326",97885.8630551901
"3327",96623.8690084382
"3328",97508.9699033175
"3329",97580.3493821008
"3330",96175.0320402609
"3331",95773.3841866043
"3332",95539.5436031828
"3333",96635.6132123525
"3334",98333.937829345
